Frontier? Vader,@
King Arani,&
E4 Frostie,+
Gym Trainer Bush,$
Skarr,+
∆Champiön Nöah∆,~
BlakJack,+
∆GymTRNRCubone∆,$
♥Frontier∆ Ascher,@
Frontierhead Bart,~
∆Frontier∆ B\m/,@
Gym Ldr. Core?,%
∆Gym Ldr Spelings∆,%
Gym Ldr Vanilla?,%
Bursting Myths,+
∆Gym TRNR Pylot∆,$
BrittleWind,+
ΔGym TRNR BushΔ,$
ΔGym Ldr BushΔ,%
†Champion Entalp†,+
BlooSeoul,+
†Frontier† Samael,+
∆Gym Ldr Wholphy∆,%
killer tiger,+
ΔGym TRNR SenkyoΔ,$
OnyxEagle,~
SooperPooper,+
₪♥E4 EricaJ♥₪,%
Srewop,+
∆Gym TRNR Arthur∆,$
ΔGym TRNR BoogieΔ,$
Nog,+
ÐÐ•Zweiløus,+
Centurion Silth?,@
E4 Onyx,~
Frontier? Killer,@
∆Gym Ldr. Floatzel,@
Gym Ldr. Wonderful,%
†Biblia's Ka'el†,+
∆E4 Sub Vanilla∆,&
ƒîreßird~§kârmory,+
AltireX☯,+
Demon Queen Alice,+
pokemanguysteve,+
Sly Fella,+
∆Gym TRNR abh4524∆,$
Gazz,+
Guildmaster Sly,+
∆Gym TRNR j.shep∆,$
∆Gym TRNR AltireX∆,$
∆Guardian Darkus∆,@
∆Champion OnyxE∆,~
celestialKat,+
Ace Trainer Stark,+
♥Fröntier∆ Ascher,@
PeetaMellark,+
Scarftini,+
Elite Fou® Auburn,+
Champion Caste®,+
Leade® Vale,+
❂Master❂ Samael,+
Count Jeraculla,+
Charizard4Ubers,+
∆Gym TRNR Bean∆,$
Jackdaw,+
OverLord Ninjarisu,+
∆GymLeader Peeta∆,%
Gym TRNR Silence,$
E4 Wonder?,+
∆Gym Trnr Hawk∆,$
Gym TRNR Typho?,$
Master? Sly,+
∆Gym TRNR Dooom∆,$
∆Frontier Floatzel,@
∆Gym TRNR. Blades,$
∆Frontier∆ Akash,@
Gym Trnr Skyman,$
Pkmntrainersurv,+
Gym TRNR MeesumK.,$
∆Gym TRNR Zorousa∆,$
☁Akatsuki Gray☁,@
Owaru79,+
∆Gym TRNR Mock∆,$
FreshDead Astre,+
Gym TRNR Vale,$
AkashPaul,+
ΔGym TRNR MøckΔ,$
∆Gym♥TRNR♥Frostie∆,$
∆Gym TRNR Ambriel∆,$
∆Sub E4 Drago∆,&
∆Gym Ldr Bean877∆,%
WaifusVanilla&Noah,%
∆Gym TRNR Artist∆,$
∆Gym TRNR. Apple∆,$
∆Gym Ldr. EricaJ∆,%
Sorarani,@
∆E4 Gary∆,&
Artiste Jeratt,@
∆E4 BIG HUG∆,&
Elite Fou® Kaiser,+
∆ Gym TRNR Maiya∆,$
∆Gym TRNR. Earth∆,$
Auburn,+
∆Gym TRNR Flamey∆,$
∆Gym Ldr Tempest∆,%
∆Gym TRNR Friend∆,$
mememem,+
Aileee,+
∆Gym Trnr Dixever∆,$
∆Gym TRNR Stone∆,$
Entalp,+
ExZoro,+
∆Gym TRNR Aileee∆,$
∆Gym Ldr. Entalp∆,%
∆Gym TRNR Haventa∆,$
∆Gym TRNR H∆,$
†Morality† Maxerus,+
∆Gym TRNR JuggZ∆,$
Neith Cass,@
∆Gym TRNR Arch∆,$
♥E4 Toast♥,&
∆Gym TRNR Video∆,$
KatnisEverdeen,+
GaleHawthorn,+
∆Gym Ldr. B\m/∆,%
∆Gym Ldr. Abadon∆,%
FrostietheFroslass,+
∆Frontier∆ Night,@
Gym Leade® Vale,+
∆Gym TRNR Kyogre∆,$
∆Gym Ldr Graham∆,%
Ho-oh,+
∆Gym TRNR Iskrata∆,$
∆Gym TRNR Baron∆,$
SilverTactic,+
∆Commander Neith∆,@
∆Frontier∆ Ryu,@
MrSnozberry,+
Caster No 7,+
∆Frontier∆ Lynne,@
∆Gym Ldr. Srewop∆,%
Gym TRNR Ersa,+
∆Gym Ldr.Killer∆,%
∆Corson∆,+
∆E4 Vanilla∆,&
∆Gym Ldr Leaf∆,%
∆Gym Ldr Iris∆,%
∆Gym Trnr Puff∆,$
∆Gym Ldr. H∆,%
∆Gym TRNR Titan∆,$
∆Gym TRNR Lapry∆,$
∆Gym TRNR Lance∆,$
∆ Gym Ldr Matt99∆,%
∆Gym Ldr. Lapry∆,%
∆Gym Ldr Lance∆,%
❖Captain Hugo❖,+
Gym TRNR Mario,$
Steełix,+
